Team 1,Team 2,Wins1,Wins2,Team1Win %,Team2Win %,Games
Black,Campbell,1,0,1,0,1
Black,Einarson,0,4,0,1,4
Black,Galusha,1,0,1,0,1
Black,Gim,1,0,1,0,1
Black,Grandy,1,0,1,0,1
Black,Hasselborg,0,1,0,1,1
Black,Homan,1,3,0.25,0.75,4
Black,Jones,1,0,1,0,1
Black,Lawes,1,1,0.5,0.5,2
Black,Martin,1,0,1,0,1
Black,Skrlik,1,1,0.5,0.5,2
Black,Wrana,1,1,0.5,0.5,2
Bottcher,Calvert,1,0,1,0,1
Bottcher,Carey,0,1,0,1,1
Bottcher,Dropkin,6,1,0.857142857,0.142857143,7
Bottcher,Dunstone,9,6,0.6,0.4,15
Bottcher,Edin,6,5,0.545454545,0.454545455,11
Bottcher,Epping,9,2,0.818181818,0.181818182,11
Bottcher,Gauthier,1,0,1,0,1
Bottcher,Gushue,14,13,0.518518519,0.481481481,27
Bottcher,Howard,7,1,0.875,0.125,8
Bottcher,Jacobs,4,5,0.444444444,0.555555556,9
Bottcher,Jones,1,0,1,0,1
Bottcher,Koe,6,12,0.333333333,0.666666667,18
Bottcher,Laycock,2,0,1,0,2
Bottcher,McEwen,9,4,0.692307692,0.307692308,13
Bottcher,Morrison,0,3,0,1,3
Bottcher,Mouat,2,8,0.2,0.8,10
Bottcher,Retornaz,2,5,0.285714286,0.714285714,7
Bottcher,Schwaller,3,2,0.6,0.4,5
Bottcher,Shuster,2,0,1,0,2
Bottcher,Sluchinski,1,0,1,0,1
Bottcher,Smith,2,0,1,0,2
Bottcher,Sturmay,1,0,1,0,1
Bottcher,Whyte,4,2,0.666666667,0.333333333,6
Bottcher,de Cruz,1,0,1,0,1
Brown,Carey,1,1,0.5,0.5,2
Brown,Einarson,0,2,0,1,2
Brown,Feltscher,0,1,0,1,1
Brown,Fujisawa,0,1,0,1,1
Brown,Galusha,2,0,1,0,2
Brown,Gim,1,0,1,0,1
Brown,Hasselborg,0,1,0,1,1
Brown,Homan,0,2,0,1,2
Brown,Jones,0,3,0,1,3
Brown,Kim,1,0,1,0,1
Brown,Lawes,0,1,0,1,1
Brown,Muirhead,0,1,0,1,1
Brown,Sidorova,1,0,1,0,1
Brown,Sturmay,0,1,0,1,1
Calvert,Carey,1,0,1,0,1
Calvert,Craik,1,0,1,0,1
Calvert,Howard,0,1,0,1,1
Calvert,McEwen,1,0,1,0,1
Calvert,Tardi,0,1,0,1,1
Calvert,Whyte,0,1,0,1,1
Campbell,Carey,0,1,0,1,1
Campbell,Einarson,1,1,0.5,0.5,2
Campbell,Ferbey,0,1,0,1,1
Campbell,Fujisawa,0,1,0,1,1
Campbell,Gushue,0,1,0,1,1
Campbell,Howard,0,1,0,1,1
Campbell,Jones,0,1,0,1,1
Campbell,Martin,1,0,1,0,1
Campbell,Sturmay,0,1,0,1,1
Campbell,Tirinzoni,0,1,0,1,1
Carey,Cotter,0,1,0,1,1
Carey,Craik,0,1,0,1,1
Carey,Einarson,1,7,0.125,0.875,8
Carey,Feltscher,1,0,1,0,1
Carey,Fujisawa,0,2,0,1,2
Carey,Galusha,1,0,1,0,1
Carey,Gim,1,0,1,0,1
Carey,Gushue,0,2,0,1,2
Carey,Hasselborg,1,2,0.333333333,0.666666667,3
Carey,Homan,4,9,0.307692308,0.692307692,13
Carey,Howard,1,2,0.333333333,0.666666667,3
Carey,Jacobs,0,2,0,1,2
Carey,Jentsch,1,0,1,0,1
Carey,Jones,3,7,0.3,0.7,10
Carey,Kim,0,3,0,1,3
Carey,Kleibrink,1,0,1,0,1
Carey,Koe,2,3,0.4,0.6,5
Carey,Lawes,1,0,1,0,1
Carey,Laycock,0,1,0,1,1
Carey,Mallett,1,0,1,0,1
Carey,McEwen,0,2,0,1,2
Carey,Morrison,1,1,0.5,0.5,2
Carey,Muirhead,1,0,1,0,1
Carey,Robertson,0,1,0,1,1
Carey,Sidorova,0,3,0,1,3
Carey,Skrlik,0,1,0,1,1
Carey,Smith,0,1,0,1,1
Carey,Sturmay,0,2,0,1,2
Carey,Tirinzoni,0,2,0,1,2
Carey,Wrana,1,1,0.5,0.5,2
Cotter,Dunstone,0,1,0,1,1
Cotter,Epping,0,1,0,1,1
Cotter,Gushue,1,2,0.333333333,0.666666667,3
Cotter,Howard,1,2,0.333333333,0.666666667,3
Cotter,Jacobs,1,2,0.333333333,0.666666667,3
Cotter,Koe,1,6,0.142857143,0.857142857,7
Cotter,Laycock,0,2,0,1,2
Cotter,Martin,0,1,0,1,1
Cotter,McEwen,0,2,0,1,2
Cotter,Stoughton,0,1,0,1,1
Craik,Dropkin,2,0,1,0,2
Craik,Dunstone,0,2,0,1,2
Craik,Edin,0,3,0,1,3
Craik,Epping,1,0,1,0,1
Craik,Gauthier,1,0,1,0,1
Craik,Jacobs,0,1,0,1,1
Craik,Jones,0,1,0,1,1
Craik,Koe,3,0,1,0,3
Craik,McEwen,0,2,0,1,2
Craik,Mouat,0,5,0,1,5
Craik,Retornaz,3,1,0.75,0.25,4
Craik,Schwaller,1,2,0.333333333,0.666666667,3
Craik,Shuster,1,0,1,0,1
Craik,Smith,1,0,1,0,1
Craik,Sturmay,1,0,1,0,1
Craik,Totzek,2,0,1,0,2
Craik,Whyte,0,3,0,1,3
Czech Republic,Finland,5,1,0.833333333,0.166666667,6
Czech Republic,Gushue,0,1,0,1,1
Czech Republic,Homan,0,1,0,1,1
Dropkin,Dunstone,1,2,0.333333333,0.666666667,3
Dropkin,Edin,1,6,0.142857143,0.857142857,7
Dropkin,Epping,1,1,0.5,0.5,2
Dropkin,Gushue,1,4,0.2,0.8,5
Dropkin,Jacobs,0,2,0,1,2
Dropkin,Kim,0,1,0,1,1
Dropkin,Koe,2,1,0.666666667,0.333333333,3
Dropkin,McEwen,1,2,0.333333333,0.666666667,3
Dropkin,Mouat,3,6,0.333333333,0.666666667,9
Dropkin,Retornaz,1,3,0.25,0.75,4
Dropkin,Schwaller,4,3,0.571428571,0.428571429,7
Dropkin,Shuster,1,2,0.333333333,0.666666667,3
Dropkin,Sluchinski,1,1,0.5,0.5,2
Dropkin,Whyte,1,1,0.5,0.5,2
Dunstone,Edin,1,2,0.333333333,0.666666667,3
Dunstone,Epping,4,5,0.444444444,0.555555556,9
Dunstone,Gushue,6,12,0.333333333,0.666666667,18
Dunstone,Howard,4,2,0.666666667,0.333333333,6
Dunstone,Jacobs,4,8,0.333333333,0.666666667,12
Dunstone,Kleiter,2,0,1,0,2
Dunstone,Koe,10,8,0.555555556,0.444444444,18
Dunstone,McEwen,6,6,0.5,0.5,12
Dunstone,Mouat,4,8,0.333333333,0.666666667,12
Dunstone,Retornaz,6,3,0.666666667,0.333333333,9
Dunstone,Schwaller,6,5,0.545454545,0.454545455,11
Dunstone,Shuster,1,1,0.5,0.5,2
Dunstone,Sluchinski,1,1,0.5,0.5,2
Dunstone,Smith,3,0,1,0,3
Dunstone,Sturmay,1,0,1,0,1
Dunstone,Whyte,7,3,0.7,0.3,10
Edin,Epping,1,0,1,0,1
Edin,Gushue,12,10,0.545454545,0.454545455,22
Edin,Howard,1,0,1,0,1
Edin,Jacobs,2,4,0.333333333,0.666666667,6
Edin,Kim,4,0,1,0,4
Edin,Koe,6,3,0.666666667,0.333333333,9
Edin,McEwen,1,1,0.5,0.5,2
Edin,Mouat,10,13,0.434782609,0.565217391,23
Edin,Retornaz,10,7,0.588235294,0.411764706,17
Edin,Schwaller,4,4,0.5,0.5,8
Edin,Shuster,7,2,0.777777778,0.222222222,9
Edin,Smith,1,0,1,0,1
Edin,Stjerne,1,0,1,0,1
Edin,Totzek,2,0,1,0,2
Edin,Ulsrud,0,1,0,1,1
Edin,Whyte,4,3,0.571428571,0.428571429,7
Einarson,Fujisawa,12,6,0.666666667,0.333333333,18
Einarson,Galusha,2,0,1,0,2
Einarson,Gim,5,5,0.5,0.5,10
Einarson,Grandy,3,1,0.75,0.25,4
Einarson,Hasselborg,7,2,0.777777778,0.222222222,9
Einarson,Homan,14,13,0.518518519,0.481481481,27
Einarson,Jentsch,1,1,0.5,0.5,2
Einarson,Jones,10,9,0.526315789,0.473684211,19
Einarson,Kim,4,3,0.571428571,0.428571429,7
Einarson,Lawes,6,3,0.666666667,0.333333333,9
Einarson,Morrison,2,0,1,0,2
Einarson,Robertson,3,0,1,0,3
Einarson,Schwaller,1,1,0.5,0.5,2
Einarson,Skrlik,3,0,1,0,3
Einarson,Smith,1,0,1,0,1
Einarson,Stjerne,1,0,1,0,1
Einarson,Sturmay,2,1,0.666666667,0.333333333,3
Einarson,Tirinzoni,0,8,0,1,8
Einarson,Wrana,4,4,0.5,0.5,8
Epping,Gushue,7,9,0.4375,0.5625,16
Epping,Howard,2,1,0.666666667,0.333333333,3
Epping,Jacobs,5,10,0.333333333,0.666666667,15
Epping,Koe,7,10,0.411764706,0.588235294,17
Epping,Laycock,3,1,0.75,0.25,4
Epping,McEwen,3,10,0.230769231,0.769230769,13
Epping,Morrison,0,1,0,1,1
Epping,Mouat,0,2,0,1,2
Epping,Retornaz,2,0,1,0,2
Epping,Schwaller,1,2,0.333333333,0.666666667,3
Epping,Sturmay,1,0,1,0,1
Epping,Whyte,1,1,0.5,0.5,2
Feltscher,Fujisawa,3,0,1,0,3
Feltscher,Kim,1,0,1,0,1
Feltscher,Muirhead,1,0,1,0,1
Feltscher,Sidorova,0,1,0,1,1
Ferbey,Gushue,3,0,1,0,3
Ferbey,Howard,2,1,0.666666667,0.333333333,3
Ferbey,Morrison,3,0,1,0,3
Finland,Gushue,0,1,0,1,1
Fujisawa,Gim,7,5,0.583333333,0.416666667,12
Fujisawa,Grandy,0,1,0,1,1
Fujisawa,Hasselborg,2,7,0.222222222,0.777777778,9
Fujisawa,Homan,2,5,0.285714286,0.714285714,7
Fujisawa,Jentsch,1,0,1,0,1
Fujisawa,Jones,5,1,0.833333333,0.166666667,6
Fujisawa,Kim,1,2,0.333333333,0.666666667,3
Fujisawa,Lawes,5,2,0.714285714,0.285714286,7
Fujisawa,Morrison,1,1,0.5,0.5,2
Fujisawa,Muirhead,3,2,0.6,0.4,5
Fujisawa,Schwaller,2,0,1,0,2
Fujisawa,Sidorova,2,0,1,0,2
Fujisawa,Skrlik,1,0,1,0,1
Fujisawa,Stjerne,1,0,1,0,1
Fujisawa,Sturmay,1,0,1,0,1
Fujisawa,Tirinzoni,3,8,0.272727273,0.727272727,11
Fujisawa,Wrana,2,4,0.333333333,0.666666667,6
Galusha,Grandy,0,1,0,1,1
Galusha,Holland,1,1,0.5,0.5,2
Galusha,Homan,2,5,0.285714286,0.714285714,7
Galusha,Jones,1,6,0.142857143,0.857142857,7
Galusha,Kleibrink,1,1,0.5,0.5,2
Galusha,Mallett,1,0,1,0,1
Galusha,Moore,0,1,0,1,1
Galusha,Nedohin,2,0,1,0,2
Galusha,Scott,0,3,0,1,3
Galusha,Smith,0,1,0,1,1
Gauthier,Gushue,0,1,0,1,1
Gauthier,Jones,1,0,1,0,1
Gauthier,McEwen,0,2,0,1,2
Gauthier,Smith,1,0,1,0,1
Gauthier,Sturmay,1,0,1,0,1
Gauthier,Totzek,2,0,1,0,2
Gim,Grandy,2,0,1,0,2
Gim,Hasselborg,6,8,0.428571429,0.571428571,14
Gim,Homan,3,9,0.25,0.75,12
Gim,Jones,2,0,1,0,2
Gim,Kim,0,2,0,1,2
Gim,Lawes,6,1,0.857142857,0.142857143,7
Gim,Morrison,1,0,1,0,1
Gim,Schwaller,2,2,0.5,0.5,4
Gim,Smith,1,0,1,0,1
Gim,Sturmay,1,0,1,0,1
Gim,Tirinzoni,3,6,0.333333333,0.666666667,9
Gim,Wrana,2,2,0.5,0.5,4
Grandy,Hasselborg,1,1,0.5,0.5,2
Grandy,Homan,0,3,0,1,3
Grandy,Jones,1,3,0.25,0.75,4
Grandy,Lawes,2,3,0.4,0.6,5
Grandy,Morrison,1,0,1,0,1
Grandy,Skrlik,2,0,1,0,2
Grandy,Smith,1,0,1,0,1
Grandy,Tirinzoni,0,1,0,1,1
Grandy,Wrana,0,1,0,1,1
Gushue,Homan,1,0,1,0,1
Gushue,Howard,7,12,0.368421053,0.631578947,19
Gushue,Jacobs,17,10,0.62962963,0.37037037,27
Gushue,Jones,1,0,1,0,1
Gushue,Kim,1,0,1,0,1
Gushue,Kleiter,1,0,1,0,1
Gushue,Koe,29,13,0.69047619,0.30952381,42
Gushue,Laycock,5,0,1,0,5
Gushue,Martin,3,3,0.5,0.5,6
Gushue,McEwen,14,8,0.636363636,0.363636364,22
Gushue,Morrison,2,0,1,0,2
Gushue,Mouat,10,10,0.5,0.5,20
Gushue,Pierce,1,0,1,0,1
Gushue,Retornaz,7,2,0.777777778,0.222222222,9
Gushue,Richard,1,0,1,0,1
Gushue,Schwaller,6,5,0.545454545,0.454545455,11
Gushue,Shuster,5,1,0.833333333,0.166666667,6
Gushue,Sluchinski,3,0,1,0,3
Gushue,Smith,3,0,1,0,3
Gushue,Stoughton,1,5,0.166666667,0.833333333,6
Gushue,Sturmay,1,1,0.5,0.5,2
Gushue,Totzek,1,0,1,0,1
Gushue,Ursel,1,1,0.5,0.5,2
Gushue,Whyte,8,2,0.8,0.2,10
Hasselborg,Holland,1,0,1,0,1
Hasselborg,Homan,4,11,0.266666667,0.733333333,15
Hasselborg,Jentsch,2,1,0.666666667,0.333333333,3
Hasselborg,Jones,9,4,0.692307692,0.307692308,13
Hasselborg,Kim,2,2,0.5,0.5,4
Hasselborg,Lawes,3,1,0.75,0.25,4
Hasselborg,Morrison,3,1,0.75,0.25,4
Hasselborg,Muirhead,2,3,0.4,0.6,5
Hasselborg,Schwaller,1,0,1,0,1
Hasselborg,Smith,1,0,1,0,1
Hasselborg,Tirinzoni,6,11,0.352941176,0.647058824,17
Hasselborg,Wrana,5,2,0.714285714,0.285714286,7
Holland,Homan,2,0,1,0,2
Holland,Jones,4,1,0.8,0.2,5
Holland,Kleibrink,1,0,1,0,1
Holland,Nedohin,1,0,1,0,1
Holland,Scott,0,2,0,1,2
Holland,Tirinzoni,0,1,0,1,1
Homan,Jentsch,1,0,1,0,1
Homan,Jones,20,10,0.666666667,0.333333333,30
Homan,Kim,6,2,0.75,0.25,8
Homan,Kleibrink,2,0,1,0,2
Homan,Lawes,5,1,0.833333333,0.166666667,6
Homan,Mallett,1,0,1,0,1
Homan,Moore,1,0,1,0,1
Homan,Morrison,1,0,1,0,1
Homan,Muirhead,1,2,0.333333333,0.666666667,3
Homan,Nedohin,1,0,1,0,1
Homan,Robertson,1,0,1,0,1
Homan,Schwaller,2,0,1,0,2
Homan,Scott,2,0,1,0,2
Homan,Skrlik,1,0,1,0,1
Homan,Smith,2,0,1,0,2
Homan,Stjerne,2,0,1,0,2
Homan,Sturmay,1,0,1,0,1
Homan,Tirinzoni,14,3,0.823529412,0.176470588,17
Homan,Wrana,8,3,0.727272727,0.272727273,11
Howard,Howard,2,2,0.5,0.5,4
Howard,Jacobs,6,5,0.545454545,0.454545455,11
Howard,Koe,13,6,0.684210526,0.315789474,19
Howard,Laycock,2,1,0.666666667,0.333333333,3
Howard,Martin,0,9,0,1,9
Howard,McEwen,1,5,0.166666667,0.833333333,6
Howard,Morrison,2,2,0.5,0.5,4
Howard,Retornaz,2,0,1,0,2
Howard,Richard,1,0,1,0,1
Howard,Schwaller,1,0,1,0,1
Howard,Smith,2,0,1,0,2
Howard,Stoughton,8,3,0.727272727,0.272727273,11
Howard,Sturmay,0,1,0,1,1
Howard,Tardi,2,0,1,0,2
Howard,Ursel,1,0,1,0,1
Howard,Whyte,0,1,0,1,1
Jacobs,Jones,1,0,1,0,1
Jacobs,Kim,1,0,1,0,1
Jacobs,Kleiter,1,0,1,0,1
Jacobs,Koe,18,13,0.580645161,0.419354839,31
Jacobs,Laycock,5,2,0.714285714,0.285714286,7
Jacobs,Martin,1,1,0.5,0.5,2
Jacobs,McEwen,10,8,0.555555556,0.444444444,18
Jacobs,Morrison,2,0,1,0,2
Jacobs,Mouat,1,8,0.111111111,0.888888889,9
Jacobs,Pierce,1,0,1,0,1
Jacobs,Retornaz,3,1,0.75,0.25,4
Jacobs,Richard,1,0,1,0,1
Jacobs,Schwaller,2,2,0.5,0.5,4
Jacobs,Shuster,2,0,1,0,2
Jacobs,Smith,1,0,1,0,1
Jacobs,Stoughton,3,1,0.75,0.25,4
Jacobs,Sturmay,1,0,1,0,1
Jacobs,Whyte,3,1,0.75,0.25,4
Jentsch,Lawes,0,1,0,1,1
Jentsch,Morrison,0,1,0,1,1
Jentsch,Tirinzoni,0,2,0,1,2
Jentsch,Wrana,1,1,0.5,0.5,2
Jones,Kim,1,1,0.5,0.5,2
Jones,Kleibrink,1,0,1,0,1
Jones,Koe,0,1,0,1,1
Jones,Lawes,3,0,1,0,3
Jones,McEwen,0,1,0,1,1
Jones,Moore,1,0,1,0,1
Jones,Morrison,1,0,1,0,1
Jones,Muirhead,3,0,1,0,3
Jones,Nedohin,2,2,0.5,0.5,4
Jones,Robertson,1,0,1,0,1
Jones,Scott,3,1,0.75,0.25,4
Jones,Smith,1,1,0.5,0.5,2
Jones,Sturmay,3,1,0.75,0.25,4
Jones,Tirinzoni,4,5,0.444444444,0.555555556,9
Jones,Wrana,2,5,0.285714286,0.714285714,7
Kim,Koe,0,1,0,1,1
Kim,Lawes,1,3,0.25,0.75,4
Kim,Martin,1,0,1,0,1
Kim,Morrison,2,0,1,0,2
Kim,Mouat,0,3,0,1,3
Kim,Muirhead,1,1,0.5,0.5,2
Kim,Retornaz,2,1,0.666666667,0.333333333,3
Kim,Schwaller,4,1,0.8,0.2,5
Kim,Shuster,0,1,0,1,1
Kim,Sidorova,0,1,0,1,1
Kim,Smith,1,0,1,0,1
Kim,Stjerne,0,2,0,1,2
Kim,Tirinzoni,1,7,0.125,0.875,8
Kim,Ulsrud,0,1,0,1,1
Kim,Wrana,3,4,0.428571429,0.571428571,7
Kleibrink,Mallett,1,0,1,0,1
Kleibrink,Richard,1,1,0.5,0.5,2
Kleibrink,Scott,1,0,1,0,1
Kleiter,Koe,1,0,1,0,1
Kleiter,McEwen,0,2,0,1,2
Kleiter,Mouat,0,1,0,1,1
Kleiter,Retornaz,0,1,0,1,1
Kleiter,Schwaller,0,2,0,1,2
Kleiter,Smith,1,0,1,0,1
Kleiter,Tardi,1,2,0.333333333,0.666666667,3
Koe,Koe,14,14,0.5,0.5,28
Koe,Laycock,3,3,0.5,0.5,6
Koe,Martin,0,5,0,1,5
Koe,McEwen,13,10,0.565217391,0.434782609,23
Koe,Morrison,1,2,0.333333333,0.666666667,3
Koe,Mouat,2,3,0.4,0.6,5
Koe,Pierce,0,1,0,1,1
Koe,Retornaz,3,6,0.333333333,0.666666667,9
Koe,Richard,0,2,0,1,2
Koe,Schwaller,3,4,0.428571429,0.571428571,7
Koe,Shuster,0,2,0,1,2
Koe,Sluchinski,0,2,0,1,2
Koe,Smith,4,1,0.8,0.2,5
Koe,Stjerne,1,0,1,0,1
Koe,Stoughton,3,4,0.428571429,0.571428571,7
Koe,Sturmay,1,0,1,0,1
Koe,Ulsrud,1,0,1,0,1
Koe,Whyte,0,2,0,1,2
Lawes,Schwaller,1,0,1,0,1
Lawes,Skrlik,1,0,1,0,1
Lawes,Sturmay,1,2,0.333333333,0.666666667,3
Lawes,Tirinzoni,5,3,0.625,0.375,8
Lawes,Wrana,2,3,0.4,0.6,5
Laycock,Martin,0,1,0,1,1
Laycock,McEwen,1,4,0.2,0.8,5
Laycock,Morrison,0,1,0,1,1
Laycock,Stoughton,0,1,0,1,1
Martin,Smith,1,0,1,0,1
Martin,Stoughton,4,2,0.666666667,0.333333333,6
Martin,Tardi,0,2,0,1,2
Martin,Ursel,1,0,1,0,1
McEwen,Morrison,1,1,0.5,0.5,2
McEwen,Mouat,0,6,0,1,6
McEwen,Pierce,1,0,1,0,1
McEwen,Retornaz,1,1,0.5,0.5,2
McEwen,Schwaller,3,2,0.6,0.4,5
McEwen,Shuster,1,0,1,0,1
McEwen,Sluchinski,3,0,1,0,3
McEwen,Smith,2,1,0.666666667,0.333333333,3
McEwen,Sturmay,1,0,1,0,1
McEwen,Whyte,1,1,0.5,0.5,2
Moore,Nedohin,0,1,0,1,1
Moore,Scott,0,1,0,1,1
Moore,Sturmay,1,0,1,0,1
Morrison,Smith,0,1,0,1,1
Morrison,Sturmay,1,0,1,0,1
Morrison,Tirinzoni,1,7,0.125,0.875,8
Morrison,Wrana,2,0,1,0,2
Mouat,Retornaz,8,6,0.571428571,0.428571429,14
Mouat,Schwaller,13,3,0.8125,0.1875,16
Mouat,Shuster,5,3,0.625,0.375,8
Mouat,Totzek,1,0,1,0,1
Mouat,Whyte,4,2,0.666666667,0.333333333,6
Muirhead,Sidorova,1,0,1,0,1
Muirhead,Tirinzoni,1,2,0.333333333,0.666666667,3
Muirhead,Wrana,1,0,1,0,1
Nedohin,Scott,3,1,0.75,0.25,4
Retornaz,Schwaller,7,7,0.5,0.5,14
Retornaz,Shuster,4,2,0.666666667,0.333333333,6
Retornaz,Smith,0,1,0,1,1
Retornaz,Stjerne,0,1,0,1,1
Retornaz,Totzek,2,0,1,0,2
Retornaz,Ulsrud,1,0,1,0,1
Retornaz,Whyte,6,5,0.545454545,0.454545455,11
Richard,Stoughton,0,1,0,1,1
Schwaller,Shuster,2,1,0.666666667,0.333333333,3
Schwaller,Sluchinski,1,0,1,0,1
Schwaller,Tirinzoni,2,1,0.666666667,0.333333333,3
Schwaller,Totzek,2,0,1,0,2
Schwaller,Whyte,4,7,0.363636364,0.636363636,11
Schwaller,Wrana,0,1,0,1,1
Shuster,Sluchinski,0,1,0,1,1
Shuster,Smith,1,0,1,0,1
Shuster,Stjerne,1,0,1,0,1
Shuster,Totzek,1,0,1,0,1
Shuster,Ulsrud,0,1,0,1,1
Sluchinski,Smith,1,1,0.5,0.5,2
Sluchinski,Whyte,0,1,0,1,1
Smith,Stjerne,1,0,1,0,1
Smith,Sturmay,0,1,0,1,1
Smith,Tardi,0,1,0,1,1
Smith,Tirinzoni,0,1,0,1,1
Smith,Ulsrud,1,0,1,0,1
Stjerne,Tirinzoni,0,1,0,1,1
Stjerne,Ulsrud,0,1,0,1,1
Sturmay,Tirinzoni,0,1,0,1,1
Sturmay,Wrana,1,1,0.5,0.5,2
Tirinzoni,Wrana,5,2,0.714285714,0.285714286,7
de Cruz,Dunstone,1,1,0.5,0.5,2
de Cruz,Edin,3,3,0.5,0.5,6
de Cruz,Gushue,1,1,0.5,0.5,2
de Cruz,Jacobs,2,1,0.666666667,0.333333333,3
de Cruz,Kim,0,1,0,1,1
de Cruz,Koe,2,1,0.666666667,0.333333333,3
de Cruz,McEwen,1,1,0.5,0.5,2
de Cruz,Mouat,0,4,0,1,4
de Cruz,Retornaz,0,2,0,1,2
de Cruz,Shuster,0,2,0,1,2
de Cruz,Smith,1,1,0.5,0.5,2
de Cruz,Stjerne,1,0,1,0,1
de Cruz,Ulsrud,1,0,1,0,1
de Cruz,Whyte,0,1,0,1,1
